[{"id":1,"user_id":"","amount":1000,"date":"2025-02-20","category":"water","paid":false},{"id":2,"user_id":"","amount":1000,"date":"2025-02-20","category":"water","paid":false},{"id":3,"user_id":"","amount":1000,"date":"2020-05-20","category":"water","paid":false},{"id":4,"user_id":"","amount":111,"date":"1111-11-11","category":"dzv","paid":false},{"id":5,"user_id":"fc07f38e-5d3e-463f-a49f-241e03443551","amount":123,"date":"1233-03-12","category":"ясм","paid":true},{"id":6,"user_id":"fc07f38e-5d3e-463f-a49f-241e03443551","amount":1230,"date":"1222-02-12","category":"ds;","paid":true},{"id":7,"user_id":"fc07f38e-5d3e-463f-a49f-241e03443551","amount":121,"date":"1231-03-12","category":"asda","paid":true},{"id":8,"user_id":"fc07f38e-5d3e-463f-a49f-241e03443551","amount":3333,"date":"4556-03-12","category":"hh","paid":true},{"id":9,"user_id":"f3af15a0-9ee1-4409-aa82-82e6eebe97cf","amount":34,"date":"2343-04-23","category":"xvbx","paid":true},{"id":10,"user_id":"f3af15a0-9ee1-4409-aa82-82e6eebe97cf","amount":1000,"date":"1001-12-12","category":"вода","paid":true},{"id":11,"user_id":"f3af15a0-9ee1-4409-aa82-82e6eebe97cf","amount":1230,"date":"1232-03-12","category":"asda","paid":true}]
